bdf5bb878942b71df8cc985d4a439e50,324685
c7b7a33357842b48c5cb4b13bd2e2b7f,324685
2bcaa35ad1df997a0f26f7f186e72cad,324685
7f903b0a99fb76b7c674a62481d7697d,324685
f7793b57f339760fe3e62c132ae82398,324685
5b8196fca9717de410df1d93ab0dd6f5,324685
df6494475de8557b88d58f87a92716fc,324685
f68d2388a8d55820768ae98b54938aa1,324685
f87c58da7d2dcfa277bc882d21f25e31,324685
8db6f632b307b7c929aca6aa672e0e14,324685
51a2ad42d93fbf70d393355daf97ce72,324685
974edeb7f90eb89bbdc10d7a4abadc5d,324685
5cf0b52587bd06845bf66fec9719d655,324685
9f7cf84ca0258c230a2092399f1a844b,324685
f4758fa43662cf8f99197adcf13105c2,324685
8825e5f05f8ce9601f6a2edfa7f121b1,324685
8517204ea38793bdba6c437f7911ae9d,324685
d43fdd9debccb0626c714258fb77b7e1,324685
98c44f00407f1fcba8674092e346b3d7,324685
e9bf6ec8464a496b20f129140897f7d1,324685
abfb8a8686c9d2023eda488ab270aa67,324683
2f3f458a9cbc8e71ca459c642af56b8c,324683
d6db16f0e2e72473d2d45001e5b94158,324683
1cabd68d68ebe721852a7008da11ce66,324683
9d0c4ab9efb70762bd9edd6bd26792d6,324683
e3f6c46a49c461219b886ea7785f5ff5,324683
5a1c66461c73c54ff61dac80b214c635,324683
349806b23fb9c4b26e4543efcd352c40,324683
8c43fe3ee5833446ddc0273d870c604c,324683
ec1b2a517f92e0714087de2ebf3726e3,324683
f50ff672e7c4e957e812b0ea0e54459f,324683
f58633f96208916b2cd189a01ab33c1e,324683
b4507445ec48ae08727449a59152725a,324683
b85978e87d0415fa8c93df52d7ba6559,324683
ca0f318a95ea7160c72668df340fa3ce,324683
56b04cd4c0457c8014f94b1a16a98c8a,324683
778185bf43a6e0b6138ad3361841601e,324683
07091ff070d97d3f3f459b5c9324625d,324683
ee08d0e277c4065067f323fd2b444d64,324683
1c7101552005b1e1a6760c65cf7cb10c,324683
71311b148c11d9baea14831bd9c1d4ee,324682
75bc2c8795732ca1b057a1ebdb39301c,324682
87378e4a45e80b59c5a39eeab5457d25,324682
6b8e706c64eb5ed9d5230b2debbfc9a4,324682
df3e6e27566e33019ed45850c3ee081b,324682
fb272ed7b3e4647736c2cbea62a67274,324682
8e6455c80e0563155b7b9955e4dfe8cd,324682
51a02e5ef95cba602fb2ff03e7673420,324682
aa522d7deec6e36c07347f1469439e14,324682
bdcc05b64c05eb1629b299437dfebacb,324682
776a7f9882cfe9aca20073113040a95d,324682
1069b04d0ee24d75145025f0eb4a776c,324682
026c67ae7d429e510777aeef4aed029b,324682
9e75b5740759e39fc20e625dfcbd8cc9,324682
b8554b457efe5ffb2bcea6f2b093c186,324682
05c30f01ee6f65e585775d2a6d4281b0,324682
a745e455b263fdf232e42746dc72bc0d,324682
f2abf88b90319c60849a58dd14bdd339,324682
6e696e3ce35bfc520628161f14463542,324682
64ecfdb49ca8704253b84912eb68457e,324682
4c13f5d12de2042ab263cf6073e1d631,324684
5a5f7e949092865690ce6503c9f83059,324684
d252b8233cab45767b25e63fccd757a9,324684
100ed5499a692d2aa9ddf9298f2c827a,324684
9c9c65ab52d21db2eb12c8b05069fb76,324684
dfd96dab65e4bb2a870a3c8a8fef8607,324684
ea9967712abaa4b053cd07a93c1a34a3,324684
2c7707b451768197144f527acbb7a306,324684
b47702ccb28a02e70f268447d5ece5d4,324684
c343d581dfdbf47a23a5ad7a590b0c85,324684
70307594c0f51a20a695aa6fdae96949,324684
b299c4b459a305fb929c1e2dbf8e71c6,324684
1375442547ce4d8687d8308003a3dbc1,324684
4946e44557fea748b43d53e653a0aa43,324684
5e762925cb00d988ec5d0d29a7090ec3,324684
3eed9c4af05de7b3aa41464bfef5b1c0,324684
ee181402b6d87d07eb8ba521a1db15ae,324684
908c7ffe65a45c0d6f1ef27a4fd036ef,324684
57cdffbf98d4f8a6add1129d1ec352dc,324684
acad0a1f300304084601487879f28c38,324684
9c12d51cf5fbea0e09109f61121a5f43,324681
ec5e0fd631551b058f21d52da3ba78ee,324681
a68c63109f797976ec0de1ad5b4bce62,324681
a1101440f14a2559be16510bfeaefa7e,324681
b2d588760d9c6725c4926bc3c64ee43c,324681
b52de45cd7827b4c8afb52004ff9227b,324681
347a243cc9e34b6ed3b28d503b0c0056,324681
5bc06c4413330d5911fa056a1eb0e392,324681
2fb54d01ada10af22b36656325a9c2a2,324681
e7a4dd083c301bcd55803ca6b56a8021,324681
5372eaccd043d070a96365c1f2282db5,324681
df65b5bf4ce82b37a3a80727befc52d2,324681
2834a86a16e6521263bad00d2627a844,324681
0ee42644682d605d0ed6feaf7311037c,324681
e450feca865fd93d1f0a9afb461c2d49,324681
444f13970fbf0072dca41669e0360654,324681
f1138b41ab28ce5d1ac18e7d12984e5d,324681
1fe59198c0268390966b110fa2e4fb57,324681
0382f435ec9a98d4a6bf707e62cfb11a,324681
f573aaba02c0f7435aa3bdba2997c257,324681
7520019d9420f180b474aa0b71aa1289,324686
cc16d67702014bfd9276a28f9e0249e4,324686
0fe5dc89a0cfbb5cb2d48087182c10ea,324686
aa209ddd772508162b3bc2b4007fded2,324686
421078dbe1f528d2521846e52410bf83,324686
30e9c6aec272ab65dea3ac8f64c645db,324686
3380702b688aee5d61db04c4edd296fa,324686
babb480cc072bbe12c9711742966db33,324686
1e0022c199cd2e42b0d7f03070f617bc,324686
e13cf20cb0123ad664bd098441eb57aa,324686
ad7ae5738efe65d6cef783bcb8b81111,324686
8409f765cb9fb3c1ff638c63683fb098,324686
490a7ef5343e5018cdc2d8de8bd66387,324686
03621a9c958ad96612c36a8376cec6f0,324686
1a423d69d621e8759a47b8adfaa50b60,324686
e7d93564e6cb672ad53dc23b98ae40a3,324686
7fc198260005cbebc52e9b3a5b086434,324686
d45b967c637f4fc78ac70a302f69acee,324686
e46c253d3308baaaaadd68bc2050c8f1,324686
c2de65b95d46d0b09a39b33474bd9b84,324686
42f11bde146c2d1b55c2cb8bc2945e5b,324688
7259a612887082312a8e610deb4d32bc,324688
2c301deedc32cde7642b75c82d2fd62b,324688
048b9ca36e85316132ffd7f2545bd13b,324688
4394cad188db4be0fc4539c750884fc7,324688
42b588c56b7a2e7b98d743daf27db6d4,324688
8568016f7de7c05df7db0b0f64fd237c,324688
a7536985abd6eff540bb3523c2aa2c45,324688
8c9302edcb84b92919fef645d812888c,324688
38c82aec2586f16bbb21529478a4e0ca,324688
4c1a5443b8a8710ab8bb4530ddf6972b,324688
250322ef7df3c492aeab040ed258fef1,324688
dc3c05385e3ea4252048435d9b0e02d3,324688
831b309ca67e142fb802ec8a086084a9,324688
71680d22d30ab5fecf4e790550833f57,324688
a30f2ccf41f2e3aa219f7cf7508de46d,324688
a5e6843fee8dcf54039593c958346639,324688
f2474a0c4e203581469e936f7920668d,324688
eee3a1f1835d764729aa414d5111c2e9,324688
b504c1b2a17d99d1474a2c7622a99351,324688
3e95c8853651e13c855d9f9b7a0f9126,324689
5a8329d789efabda9876550b29b53086,324689
9b958856e3742697ca906b672f1af983,324689
69afa89a67d196ab405d60e421c0e528,324689
ba65edb7111c00709768e28260722750,324689
de52baad7ba7ae20580b945ad7abda40,324689
ea7d6315a3d39f2232bc5e935f69c765,324689
ec8b12902e467f5a121b19be23d35cc7,324689
5fcae9a423c7f5bfe3f476da773f8c1f,324689
179f26ebe70931ca8ae8926b26e78d6b,324689
1d148e641f7f05f615ea4164ec3596c1,324689
77511c4e18a04e076efdbf38d8d61956,324689
76942fa93ba0eba822392c28d58be60a,324689
29230df1b309e8fd87b106ede17b456c,324689
79f8327956727acf2c2d759e0b1d08f5,324689
6c9d308a27e1ce23739ac6cb044e58c3,324689
5a2c63255bc3c5093d0f914632ab1be9,324689
4a6dd951fac6f5151baadf2248f6f4c4,324689
e5cc1d02f5660812c8793f334f6fd1f0,324689
38bd61e93ae5be084b0fa0209433d3a0,324689
29eb3518722084f5cc5dccf9d37260fd,324687
236c86ec37ddb2ba64ff2ab2713ae1bd,324687
f137e04355fbec1a3250c57c533c16ab,324687
a886ade3c73c8ebe95d972ae941aab5b,324687
18c7b21695caf59833a082fd8d667217,324687
a7eb9334950f7fd161b1333f9762ac37,324687
3afe542f1fd762c15ce4ebb72af531d1,324687
3138eab7e77ed64f0ce0ccdc641833c6,324687
308aaec62b1ff74d03b44854b3a8c34d,324687
f472dc257b11f61ca4eb6affa6e3a49e,324687
5da14dcf8170516ff2aefae1aaf489c8,324687
14091b9ce92270448caf8bd4625723ea,324687
f5e5601fb3b63ca7053fad4329227b2d,324687
e243e7917ec0d22fda0e55b4d173396d,324687
0727eb58a5914d8d688d346eaeeafce1,324687
c0d06ccd0c52c9c0d8423a3f2aeb46ab,324687
81dda404e11c04dc91ea47405edbd04d,324687
03f72e407b5d2b66124d626e1200e1e1,324687
802a470c77daf62c773529a3879837bb,324687
d5b9fef84433e9f1b2034e68c0bc36ff,324687
e49c223630095eadafae5ab7e2cd788c,324690
5c2139c45fbdb0f1d3657fcfb3cdeab2,324690
87f862ff51720b7034150a6633d24b01,324690
30d70b58bb32b3724f89550fc99b7941,324690
9fad19316e19ef23e02f3ab5321f978c,324690
9ae158162becbb47518b40ba20806972,324690
f04f93f08001c471029921bf2a17b3cc,324690
8a7367ff5c7b7c768d42528df61da93b,324690
430a8aad8ac6364f0cbd8d30c4efa38b,324690
c8697f70990f4b8e5072d6025759e0bd,324690
a4c26baff945de52d52bc8b37dc127e9,324690
2cd9870641ac0893f224200a89aacacf,324690
9d31bf7a6cae4eb28f756af0a5e29914,324690
8dd342fbe5211201924f3804d1501d07,324690
8507d0dbb663679a7498946f6bda6404,324690
405580f867bdcad13f4ed794142a0de8,324690
6167c02ca304d7181f615164d18f3902,324690
805c8571078afb5cf673249c851d176c,324690
7f76232c61de617f3c902e01a3c47ad9,324690
0584bc826d2f580d2992a90fe3142bca,324690
8bf228de8f4889699da04c6b88e17507,324691
e8f85760a3a60a079bc705402feb3331,324691
ae8bac91beb05b8daef5010d5fc3751f,324691
eed379c55a3bec6bdd16edacd98d086a,324691
b8689b7c126015efe781f1abe6c19e62,324691
d8c032c01677d2337e84989237ce0298,324691
181c543befccbb4c98d83047ece5d7bd,324691
0e98a9b74dd1d785932bbef2a8e80e4c,324691
f5ce522c9ec1ef4deae3dc321f59575e,324691
b1bdfc4508b02a108ac53844f460fef5,324691
120186c94611dab0d06d3aa119be9fdd,324691
270834358fdf04046ee81a2d164556d8,324691
624ea24f51db760f85513cead9315ba7,324691
86a0a8f700caae8e858848d106c383f7,324691
2e3624401503017d53b82fcc25c21859,324691
d0e82bb8ddc168f052365b7cb6285738,324691
b1f0d5e2201cdacb92d323746633c9c2,324691
afa22ad4ac3ba395bc4afb7d513460d5,324691
e5f0c4818602d03f58c4b5a070ff538a,324691
0b41107059940e51b7649dcae3aecd3d,324691
192fd3daae92b8d566cba1c494f5502c,324695
b971a4e8565a7f9c0f54e8fbba5ac64b,324695
c738eb5d4c8c68c96c42b27fedb48cda,324695
1be18e2617b5ad9b63acb52016f6c025,324695
03ff6ae6b76faa77a697c3f30723d8ea,324695
b9458eb5b97806e189e8d0dc16fa4515,324695
081f3be537924a80cda55e0d57786a6c,324695
ca0bf3b1f0aacb49dd0838e0f38fe71d,324695
bcf32b4931997eeb670034fe68a84d0d,324695
322ce866cc4c3777f35df028f3d1e887,324695
94309987beb81bdac1d9351bf4b46ed1,324695
11a68d237b9c04e886a3326c6d393e3c,324695
44382e5de632e23ca17b873e9e30b7b8,324695
48a42b539d5c3a1bfebff5a97416bf3c,324695
8db595b172ee633c200ea1a9a4aa6844,324695
e57e69bace9f9a4b3b7d862dbb834bfd,324695
befd477feecd010eb82b85b0f3f332da,324695
61751d1c09ae0c8f7e56716587e2618d,324695
878b4dc7119c5eaa9df446b75996e82a,324695
70dfb754300d0e3dc12fcdae955e1b02,324695
4350bfb7422aa1542fcca25133c4f4db,324694
86dcdf6b787af8924ee3bbab9837d6a2,324694
a3ec03c12a7d3cf5b345a7dab46e080b,324694
4bca5bd5e27215ef8da0abe62b2e02ae,324694
9224cbd775beade503cdf3e7b7bc0c78,324694
31e8adb7e05f47b73ce6c1297d7ec01e,324694
39e11ff71cc288abfe17e22a054106c9,324694
83a933aa960add6547918dfc370ebe47,324694
32067421ce80f7b5a73a8500e34d4ece,324694
00d7fabf641897176fa8fc0788a38a1a,324694
15e7569217dc7a24b91da883823dbc4d,324694
1779239fa3aa1847ff10dc3cbef23e35,324694
bf635364e5c2fa53a1884ed10e793b3b,324694
c73d9671db2035edc97b8938994952ea,324694
fb4cee30e1c8b0ea79df8a828f31f82f,324694
a9192cf60a6b6242c9d9ab18db382aa5,324694
aab442789b8bd46e137003a1b05646da,324694
4bb04a427b57cf767b990132f7a1e803,324694
d81d15a97920acbc2ee833ac2c28061c,324694
65f22767eb24451b2df0d6d89f3e690c,324694
3cbbc8623afafb6f1b5c25701daf7c9e,324693
c059b58a110b13855f7dfb95a13b9f21,324693
7af7179e04446cf997f85683849892fa,324693
49a68397a46a82e5ea838c14249d188e,324693
925a5b5bd15f20f8d6821cdf42ed0f46,324693
66580c88e333f8da63180df54338a1f4,324693
27d94bd290f04f5dcef68ac77fc8f8d7,324693
18997d412384db0bcc42c1e798cf2459,324693
942b64e9a908f56012b9a3966e9fbdf1,324693
0716a5600c364ae027ac5360f3356364,324693
8286514a8df370409daccc372a847e24,324693
6d8f02a2f0aa7094eeed530d889d6bcd,324693
ecf507191e601e3342b34212a82c7fbb,324693
59039bb131e3caa5f1c22f9ab7ac8c1d,324693
e22d2cf8b0740187556c334a4c644fbc,324693
a9d842aebfe045b039944ff28e2f7b4a,324693
03333f4086243597c04d0f68c9158a69,324693
f2f027fe4a473d759b7c961f1c5d7fa2,324693
2143c419f5f621cf6378db5afe56fdc4,324693
ab831bd754d0c4d6c3bab6a62a52b012,324693
fc45a1fe0b10e4e57b2cd638f7e9a271,324696
e3c5a950497545267fceed3e4c687a9c,324696
735959109c1dae88f507759ca3284d9e,324696
36089eb3bf6ea4d0a9addd89b2db6373,324696
cf5a3e3c7a9c5300b8e77111c160e57e,324696
6ce446426a075dd401e8ce3ea6fa240e,324696
59c19302fc71d57dd15f7652e9984073,324696
1cbeb2853fd846fc23be3f459ee43fd7,324696
b060936da102095735033e0fb68985b2,324696
b5b2a49d73b829c482c44a5835c9af10,324696
3af2fd1656ab167a8e15a97de8ce6933,324696
e376c20fc0fc174d298dcead71d72b6d,324696
db8698dbdb46a8caa18e8ca4b509b08a,324696
b8f390ec053042c43f17ae67d8b4c18e,324696
902b8aa016ccac872e054498f938de68,324696
1956d7bbadb9e06fce2345143ddd1d9c,324696
bc53ff5917e5c23012a333808b2b714b,324696
1e6a1503074816f6fb7c877206189bec,324696
b578f89e6636a7a4be6e09c66b2cdb67,324696
07017dce6e9772408768c5dff6b7b23d,324696
b6a469e2cddd45faeaade3b556df10e5,324697
bd8b4ebd47f2c9f184d42919aab29358,324697
f10c70904bfcce21a06552befd6e81ae,324697
8f6f9eeec656978c7088f25a9e57caa5,324697
2ead5fc5587ea8b47be3627e70081496,324697
9a0f49b3343dea25194ef7dc8785a0ad,324697
466a472be4b86462d27050e2463b0159,324697
2e74360b3f714d0887a6d0851c218ef4,324697
52ed8f623a6eaf3469697eca93bf3fbb,324697
990d976c1406151b56db78936316fe94,324697
0c619e461772b74b87e787b9d21c79d5,324697
46cfc6b0a106990821be91484323925d,324697
9929e38cc41564bc1cf39940805535f9,324697
3ec9c024e1ef7046924cb44075c433c6,324697
091ea1e18f2e492a09a07e80410668d1,324697
515e91f35c0a911fc2fc57d378f04eb4,324697
5d5a9173df9a1a2580dceebae3952021,324697
bbba82d4ccd1f0b0cb05baa45187a196,324697
827af1b9eed2e5b72a8242a5cc2dc81d,324697
9ae7311eb486c46f46e33fe492fe1e11,324697
b6ccb24663b9864a10c936a3b3581c70,324698
2fc93abaf22d00258acd0da0e22d830b,324698
07023b1a8af0e39a18d6fb982ab5edbd,324698
f0b82ede6d2c95d7c97006cb6c422e5f,324698
fb7c398fddc7102b27f9d677279536d3,324698
903b0af346dc7438a9e8b9c1d38bc1bc,324698
86905348acdb87b65c31e9dbc4ecdb02,324698
cc32d05869244da27dabcc4e3654f44d,324698
1cefc9db67551b6f592b0dafb1fa00f7,324698
89d8ff385775ebe38bc28609826b372e,324698
8376e164465216772641206ceab39f0d,324698
ae8e6514347565b0536573169788aef9,324698
220a7e2852a5828d5965293c04f1ea43,324698
b95ae5cea6b03b1dbf08c9f5cc3acc7c,324698
78e4e8ea1232ed3d0f3632e8ecef8922,324698
b6da36b3c685e9b017ae726123e617eb,324698
81bd82a908039c3f432d20b1f6c5015b,324698
6e7edb61d0540eb6dd7a03e6f07f0c6d,324698
2dfa2ccdb321b44d88754611dbc48a0b,324698
4886e71cd61df69722d533baf13ae49b,324698
d3acdcbd6ea3dc29d9af2e129ddc8829,324699
69e3f743dfe9ca470ec91226e6dc2ba7,324699
62cba08264667918941f498d2b6c4f60,324699
681f62df0d1efe7473af8862fbe70787,324699
918b651e4b230dca40b1db9a45e09091,324699
4100b36d8b2e2c86a705f6071150ad5f,324699
d36c55d1348ece58c012bc31a8dd3931,324699
ae4c952991780626092087f049a0cd48,324699
ed34289d53cb62e76ae28b66e237b466,324699
b0392c4ff75c1476df48cf46ef1e5488,324699
f3a27b6a5f360b09a814b6dc50faff28,324699
33dcf5f2c70a25ce5c3f6a596d6bc555,324699
874a4f881409342092c7cc6bc0f067cc,324699
76be25941ff64e7a1da31e06c69898a6,324699
f269ba4f12bfbfe22eee1c28c392f9af,324699
56123e75ec3375e40a9cf39560f400f4,324699
bfc16a717c6cfec6b28400721d003ad9,324699
2cf09058d401d1c2697f5be4e10da428,324699
a829a47a9e064c20020fd26fdafd98d7,324699
7bd0e2cbb83276653c9d232731891b38,324699
56fb858515459e37e6d4d840735e1022,324700
febc0395820bf7f6243d3a37c04e28c1,324700
834e74920e1f7724b788df322cec599e,324700
b3a29febd6825a2e107159868733afad,324700
6f73b9c929906a2e515bf405fd738813,324700
2833f5f159ac31696761bec257214491,324700
33789d23cd4ef40e006ae590072080be,324700
8e850e3a148dc8ec0dfd93d575e18dd4,324700
9573f04369541b393f0b6cab8c31ef83,324700
6f84b655fd7058258932afca6f20fa18,324700
2675f0f81682cb9bafa83365241273eb,324700
d689a3a41477adb3cf7ea314f691f9de,324700
4ddce91f1ab8d3abb0ac6c82819a0df9,324700
41f9a0f4d31ea062bb3c3c69e212dfb4,324700
28fbd393e773230cc038f80b2d423319,324700
a92b4a30a27f8334223bfe8a9db3490a,324700
51988c8841e15e2eaa226f963ff0f976,324700
75c2001772e62233b6b76f39e617edb0,324700
6e2e220aa22f86d051075c5c640df5d4,324700
d6ea4f440bb4c471395ff7b0acec9088,324700
1e2216245d4d103c208579c20f96b969,324701
f20e24c5b0e0ba4efebe4b0d6a33d64c,324701
c695f120614165583c6103dc4ca733c1,324701
8133530f004d2ad5ef0d5fbc79d43271,324701
fabc52d013d868d74cb8be2af544be4f,324701
a4556230c4c1b9d358f951e999a27bb4,324701
7ac977fb500a12e8cf55a66a523f800a,324701
2bff9a08276ea28cfb641afb9e54eedc,324701
e2ed0ba401d4be5aba512a1bbe762cea,324701
b5e007872b240e5964d60f54d96c8b68,324701
6cf651f420ab5ba1913beb8b99fce1a9,324701
daa696cd15a1f8689efb864da9bd550b,324701
017fc238c1444072943d60565a4246ec,324701
87fa6aa6f5cce122319808cf290ef054,324701
df7dbfd8dbecb7a65e5f35ef701bfe91,324701
1a3b95e9a99f2e7641ca249373166d6c,324701
404fea7c07401bae181fe4b7e371432c,324701
564858aec905bd44dbe2872a37c02e73,324701
c8e935312afba3d981b25a80193c2722,324701
54d039f58c7906a0447fe21d93fe2d73,324701
69eb0e414f499aaf87011a5378c4dff5,324702
93b7eaccb4e68a5b47c1333c60d95879,324702
94200ac880d150f67848ecca57c0f0bd,324702
d83edb98a6c93bd4576e6428466a7394,324702
b979acb85277b19f8640e4ee5d49c6f0,324702
e5dada185cebe58b995148f39238511f,324702
050d03f3df2dc7a2a1e03ba27ee5489c,324702
e8b2eadf4b85d466be66fbac22b4aee4,324702
d4891d3fe1382c852127d6a9bb6e3439,324702
185b60a1af48f90432fe1bfb8965e389,324702
bd7bf3b82231dc1675224f3567ea5f82,324702
7ee1511ce84cbb1b143315577079754d,324702
ab555bc270e01cac300285c3b3910fb9,324702
f58a1479f128887e0870027706c36d46,324702
2c977cb4f185e5462eb812b5aa2b0c3b,324702
7c7101895e0eb3f2363b58fe6e7ea7f3,324702
0b816b57c84aa2e6fd2376d929754a0c,324702
f597e8f42c80042eb1e4e9193dd51757,324702
03c4e8ae4b73165cb13826098bfbe5e2,324702
7f138b3a22adfef962e63256608edb1d,324702
10e6185e889c2c79ffea2ee74bbe5061,324703
ffbe5fc6fb6584e769980c1b7f007799,324703
31b6f12b7dc19313be66d7fa81a7bf20,324703
9acb7bd9f320b13fbdf945b37538b633,324703
e87fb9b576d915e8c66f04e098ae66fa,324703
68f09f2c3b6abddb5547daeb76091100,324703
5b3868d163841e5f47e98ac76a92ef3e,324703
0e04d4872221a8a097a1b3fea533e133,324703
083588fd4b963f2fe5e15b1d442c6a72,324703
4c95ec1b4d5474bf34e7e25949260214,324703
c0820f58d09090f14c12b9a3b084733f,324703
576ba61149cd7420579db4940d7855aa,324703
ee075c95db72b5b9908991da4e9022d0,324703
7bfc867c7323355824a31e13133374e6,324703
79ce5f8c7a01b091432f891d93964dba,324703
9f149297ff8e787b11c69de795538c0c,324703
e3485dc600c4ba8b707ddbea6eeb6c66,324703
aa88a5ee59d761f041e8ca257998b3b7,324703
c4b80609a2e8a49902142f7870fe569a,324703
3a4994224bd5c44a34bd9c70b3057bb4,324703
27618bfe0b8fe76615d8e09ed6a8a0b7,324707
944f94b6fc17bf649e1cc6bb76a61b52,324707
1edc3d3937d8b63e84f3ea7ea6c77f0f,324707
d3d67d1e278c2606eb295cc8c9911987,324707
fa6a29254e161cd2c70ef4d46b7d5cf1,324707
b4b0194298bb5dec43f782563056e02a,324707
a9463213b8b09edc135ae2c3e3d37ca1,324707
2be197a039e096010b2163da556c5a2d,324707
68f572bf1d2c424d483c2de76c0360fd,324707
523a5a0bf5d84164ef51f7de1145037e,324707
ecc2ed179f651fddc5ad2c8623ee76a9,324707
fe90ac8d3942866e565d8176e23b54ac,324707
802cd472faffe68b4d53d52e71188059,324707
beeb605b2cad54c0daa7f1871ea32927,324707
05a629941a72f734ae2f63639678d5b9,324707
72ae996059fbbddae76c1536b675eda7,324707
c800a7254933863e617dee91047686f8,324707
a39c65e18eb08e3a224646dcf2f7ef23,324707
6f164f462eff904f59b5adce5aba4592,324707
31bcc1b11466429dafd17c4fd52b0291,324707
19a15b165695681ec6e1816f72f18983,324706
99e210ac5d0b298a21e5c2626dda19eb,324706
c73612a820dec7896d820a3d21b72208,324706
63ab8927b5036618db2ebfc66ed7c4a9,324706
938513401ebb0459d5c902834bf14637,324706
85da01217fee75bb2c9b1c0aa24bf4d7,324706
2970a1a7af98d48e69f22be85a6077cb,324706
5e90edc6e6def625edcdb7116e631138,324706
197213d70e1c0494110a808b973e2ecd,324706
7aacdf5a720d9257e4d525c5d728810b,324706
2b03ac6906bd9e5cbd0288b0e98f843e,324706
b13fb281a4a777feab9823aedfc4cd19,324706
55291df179f709331a33029b529627c3,324706
c3cb9a16c69cd010771f3c29b01b4169,324706
3f19e4e92145095607fe37259e0d719b,324706
956205b43223856f1f48c64c3ac38189,324706
790c9c0df514038b7688de762eaa5dd7,324706
4bed93b7872feb14a012d5a8a55dcc74,324706
2516531145144e59a060ea938ce631a0,324706
8f1815d54a954408c1b36ae9b88a8a08,324706
ada8f185366364ffe407adca98bf6925,324704
bfd6642af4be09df0c14699cc112e996,324704
e8094dcf40f80030825a944941cc0fbc,324704
10e84c08cd7305701444e386cc42810e,324704
a88eb1d9bff425cc84ac2196f40b66fd,324704
38eaed38a43a6603b21aacbf2a1e0e2d,324704
b9b5e253f38ee436fc6f1a93c08f5d20,324704
da0b1137ee36ec7d53faa85cc9614811,324704
013c414fb9fe305da2399d68007b27c3,324704
323d6503ecca5f03f5e0a40c20019b02,324704
184283b7985f53b7c449a853f650ec99,324704
7a1232d8300c6ee0d68af1bc410a4f47,324704
7d2b197df741bd534e28f63b81580f66,324704
f61f4684c518e7374f4442af5beb1a74,324704
6e26f392813750929b6720d9584863f1,324704
9d252d98267324bbf1b99b57f894c003,324704
ee0e45f48f3856e8f1433a0495277b49,324704
9ff84ae27fcb0458999503c990766a29,324704
9ab0ac919665006aae6b01afc853fe8e,324704
d7f9b75215ffd902812352f8bda6583c,324704
96bdf09895e8b9190c839ff933cb04b5,324705
e8c05c067e956f20dff97a53bd0ceb3b,324705
77c4b371edafa7100e894022016948cb,324705
4a2cb4ab674db370b1dd9eae80960dd2,324705
df9e303049dcd03a0348d1844690de41,324705
8eae957ca7ea63e71f42ef8405ffc3db,324705
3b19d046cc3afe3eef6777265fe1ff21,324705
f81bf69f305859cb30cc615e90bd4da7,324705
7253d50646f0cb9362e3fdf57d4ed450,324705
76fab87f31daf5a34dc81971815456e8,324705
07fea5d686284be02a045e3660378e86,324705
eb7d4b868832726e930fcaa86f5514c0,324705
89eb7110d66d92fe45cab4d8ede56c0d,324705
05eda05bb989fc7e1ba0869fc60ccf8e,324705
70e605052cfb2036c48abcb415ba3f26,324705
75d55c07967646aab93a7d3f9542daa9,324705
8455fff01532dd940e5e1c6b01e1ffa1,324705
5d0cc4dfc82ccd59899320b3a8eefdd9,324705
ec1d2958e81b31964e0daaba02f0470a,324705
24171bb49e61d779eff600452135174c,324705
6505005a14032b4515da410f48b81347,324708
df900d9f73a9cb41e82c1ab2b05ddefb,324708
1b134fd7dca3392562abbaa2ddb78bca,324708
8ffb43188861dd2037bcfcbb008a62d3,324708
7af4bb5d0aa22d8b7ba4d4fb25290f83,324708
3c5b25de85289ce9424614c4aabb3d23,324708
5e09731e05588fcf25eaae67c090ba32,324708
7f953d88440a5162dceddb41c0113f61,324708
896f954c368a499cff623fb4cf781305,324708
3805206518e92c86c0747b6f5a4bc703,324708
a9b100d6dea4624f6e3a0bd9f4d5ac51,324708
ffefd326035e6a2ffe8d581cd4ce568a,324708
c0a11882ce80bf67f5b2facbdef2b647,324708
e2c672262979d4ac4723367b838eee74,324708
e3de54a436996767d200e1716ba57922,324708
75d33c4b3f7a10a7e0fb42c0827ab7d4,324708
511b297f972003296f91edbc972412be,324708
1c7e41be046e60c1a911dad0a23a651e,324708
6a8204b51946e0d6de5909a8d2d8d6cd,324708
349835872657f4b152f4a7145e2e0a52,324708
538cf3ee5894d6f05770848dc4e053a5,324709
2f0956eae8e1895b12b05c7d08fa34f8,324709
33a474244d02fd602531c64a56ffc3fe,324709
a4e58a26aa27f0ba3235e86563355cfe,324709
4766cd4c03e02b79e59828fdd4190973,324709
0820b7c0b2c90c61e371cc5117628011,324709
41359daac6cbb888a34aafa2e40bb819,324709
d1b21113b4763931a51433c28551bf17,324709
51163a6cf62de59aa86525bec31db6c3,324709
981e5cb69e409a62fb52fe2ecfe110a5,324709
de8dfac5f00d2a9b6ceb098ecb5b2608,324709
bacbe6add241204dfa3e2dca561ddbbd,324709
9cd98ba48b3cbbe059ede8cc7a7e07a1,324709
f01637551c936f9f09d4f3c0228c95a4,324709
9f30d608f9fcb4fcc27a3e8081af4616,324709
764cf7c2d7f38e4c03441eda125de201,324709
ccd6c988a5cc4484e946d3c641f12381,324709
900061cf3c12363267f835d0ec0e89ee,324709
abb1e5bb57cccb0a2ba30eccaf76685b,324709
b0de4f9cc9ce009bc078b851daf42428,324709
57cfb18fc2e25964bce24b8a3e59d21b,324710
40a11d7136711965dc4fb08c95c7cc0b,324710
2f667a53d6164df90f0409c7a0722a7d,324710
c4df4d502c7adbe68c1df6928188799c,324710
da642754ee46e94f1e60e932c158c665,324710
b360bb1bbb02cd3d33334b3926f42333,324710
0c7975d77496c01ca2ae01ad6de30662,324710
bc06ed1e8001f3803cd1d97a402b272b,324710
899cb1a1c9ee793aaf76c05721ab6772,324710
75ece56d15f4541ee06d857515b73adb,324710
214c1edf4f2327618fa724bf008cf7fc,324710
5251ca14fe4c8cf508c69629742c7864,324710
c660a0fe64783c211787f7856c22cd1a,324710
c192d98ad7baac035310728de879eac8,324710
bb0fe8163574202f715e91b8c9325ec2,324710
a359a8ca5bc02f7d42364bfe041bd06d,324710
b631e970bf00e661e443d59f980e61e0,324710
a29fd58b362cbac2c32435b94576a2ae,324710
58ea813d762470e5feb8f030a4081778,324710
9bfcc0b996c4475867d8e42139ae5a60,324710
2e6c7c09c2f8c5bb2d953d9a5b85e4d0,324712
50e395392aee51d83884272565b9b58a,324712
fba5cfeeefe0e8ab3c3e7c08b6bfdb20,324712
45b16efec82715d6dff41b1d4d2dd3c3,324712
38dcec6c304a53f8c9e4e328f298b6e1,324712
6594d7a192f8a89395cb21b8bababd6e,324712
5f49b94bd99b51bb79bdd79291bf1c82,324712
0806c566c0326b6b8ce2bb4edd60f5e9,324712
875ef484e4d7c05eafa185e8c19cbbe3,324712
cfe5bd13b33712cc8f5b574186b5c386,324712
c356e123999b7ae7b40a564f37396926,324712
477a26fa95df14f7159f0d98358c3d60,324712
897c3265aa22f1a33c335e6beaaa8c04,324712
f6a1856aabdddb3b541f560de9c49110,324712
c1e4d477d93bba57037c6282d82efaed,324712
247df3cdce268917faaeaa08115b5aab,324712
143b67d6f944f512f607abe2b60df524,324712
bb3b3e47029ac7a76b61337de1152649,324712
5aa902df693d42ed22c0afa04febdded,324712
0b83b6a7108187b2fc40b76a5e3b765b,324712
d9df73183e29e1c9e979e741b14adda4,324711
fe2d162bbfd6a6b88151b485eea6536d,324711
9f57e73072622e47ad50c7107d51cd6e,324711
430004e76bc55b11c8e231c1bf13ace1,324711
465da2168a2c2f90e9870fdb8e556467,324711
8414dc68a86b6377282f964a84572540,324711
35a446496dc6197cd49c0c81d5e50f75,324711
0c7a901a5dcfcea0dba8543e75af5f8f,324711
7859f017b64d9f5bb52c7119c0cc0bec,324711
0739bed2f3cac78512aef910b54ba884,324711
5f797714d36d7461a1d67ae465e90b05,324711
db40733a576dd9b293a6a28ad5fe8460,324711
7223116bedd0ab31f2527d35e719f6e0,324711
3c8886dd2b98bcef1a0a0da0ce0ce9ad,324711
b872f137b8a17d529ebb9cf4d962ca01,324711
334938f6f00dc0d6d0e6c0484172e208,324711
0a9ba3f2bb64e585b593b9899daab271,324711
077c6e309cfcd37e0fdb932283a64f89,324711
3618ff4111e9793fb4ef8f2dc116b81d,324711
1091c47dec67cd7204ada0b913d83c30,324711
649de5f9f13df5f8fb1e5f433af0c165,324713
f38da8fa326bd2cee1b7ed260ef3b211,324713
cb7bb80bc7a2e734aa0f7da8af3a852b,324713
b2b920f028a970490d52071094c5450f,324713
ca0c855e80d7ca2196fd1a5e1be1e33a,324713
d46f3f80bb839e329ea10628e32bd749,324713
be70c9158ff873a4a3c8cc780cb66956,324713
e644cb161cf57ab3daeca365cf8776b4,324713
0460b17757fb0f16517063e83b1031dc,324713
73a1ada8517335ac72ea15fe4d4cccab,324713
586fbefb9655dfcef9e6c55c09d6ba72,324713
93f4932a5d55af0c76d3295462ed7915,324713
01402e96bad621ba5acca4f647ae39bc,324713
d68c9c405171d5804a3d6c878c748884,324713
e6b3d0c0692a0268fdfc0eaa8570c1a1,324713
a0b31b5ca176ce06767c43c955e0064f,324713
3215986bcdf75012e812d7c3c9390806,324713
e5d0d1ace425e6ac0b8799248383560a,324713
f7622751a475ab50b643dbe7b5bb06a9,324713
e1e357eae4d919c8d2fc922104530940,324713
d04e36b6bf6fa440e15ff83cb59b9388,324714
136df0a26904c91638665b547db89486,324714
c847a7f53b63d3e7a61987cd45a4363b,324714
aa862a67171e2f3d61c610ecabfe930b,324714
84d4c93af6e6485400d2def9e311f86a,324714
436f69330ed071dbc8cce8564a96e535,324714
e67108406b9c0fd3c4ab225b28b838f7,324714
16195eeda9cf7247b9ec6a1f65a9ebc8,324714
5df2413e5b57c48028fd963e676daae5,324714
4ab7d68e910efa036d8f41ca3898d04c,324714
7d44011b542c6c097d65cd4673afd1ce,324714
392efac9b87f8db8377405b0227d09f7,324714
df8a0e75b568ee1db26c2d8133dd8bee,324714
013937fdceb6861dd957270cb30112c4,324714
61a95543e739c9dba719c70bb068d3fe,324714
ad994ad04419755f8463b0ac8b8d30cd,324714
0d7b063ec761d7005123a6b60a724e6e,324714
c635f056f5bd1921a1dc6caf20da6981,324714
2ed3e3d8fdf0611e3db7b11a8ad1767f,324714
8a269e75cd7a2b06458bd7520d799d4e,324714
408e114654dda7b6216a863a91673e1f,324715
cdeb59d24295657960e677cc6a15c712,324715
c691bcb9340d7a75a018b526e62cc962,324715
adefd0ca2c1369b3841fba33940cc7c0,324715
2de9cee4c21648619080c8e117dad626,324715
d9875643f9482e5d66feab794576c6c6,324715
5870e4f9550f699dc73297cddf7b6616,324715
c4eca9417c33afb4319fed27e087757e,324715
15f8879dea316098dc85756cc0958b47,324715
8d8be8199d3b1cd9234fba3a32991897,324715
1e96b85b8f111e08499c78a972d291bc,324715
bc0b234907682e804f2c705e02fdfd5b,324715
39cb851a15473b5daa8fd977790f4bde,324715
157752c99ac1f383ede59c5d394af844,324715
4b13debea03e68eb5a59a373fb37c431,324715
ceb678ba1c295cbf06f128a50c473f1e,324715
05f482c57aa2b5df72cd3ef7d075677b,324715
a32fa2ba3af60dc494499354540b9248,324715
9fcac0e0fbecb46f7613cbc4911184db,324715
8795b1c7e98d0f03630e7cfb5edc9fa1,324715
5ecdb22668241f69f99f19fa06db2733,324718
4643081c36ca4d1cf87848d3bc7b828a,324718
951657af6532586c9cdb6e8f01035dfa,324718
348c2c825ab113917560322cacbedbae,324718
9e28c9c465b6cc3e08c0817b5b2f43bd,324718
1b6818d8d18ca497a579332eb697c64b,324718
d18a470ab51f8ade248c4390135071f7,324718
950a013e184cabc8e32d2daf772ab8de,324718
4840b42283e6b403e0456d501ee25a36,324718
a6605d43a7a681df84a7f72995e349c6,324718
4976ab087cedf75d3899362da1ac75e1,324718
ec452f85584e39638254c10112683bab,324718
319638122f0b7d95ed01a054765a4c1e,324718
9200e82c61f12bc1d3aa109f675bbee5,324718
603345bd146f6e045d0c9be55f12c3dd,324718
93a88bcc0b78a16cc1aa729511e92127,324718
926986f55d788b8955715d82064aa77e,324718
790b346b1868146f3d1c9077d60aaee4,324718
542c86009800c59ba61c5f41afb8c928,324718
e57d4416f8a85d07e7d04df67bf98b6c,324718
6eda0ca7a23f35c68d23dd046e333a78,324716
8ccdad1caecd847dec87775f45d5f9d6,324716
f609293d9a193034edb031ec66576c5e,324716
150cf32d7ded1067405db2198df108ca,324716
2ad4239806ab5ba1e4e4ec1ddc011178,324716
8fcb0aeef608845bcabdf16087692140,324716
f3ddd3b9744dd464e8fcceab746c3b5e,324716
e8c09a8a6597b8096048928e9c91422a,324716
3a4e0f084d2810523a87f241f42efe93,324716
dbdb2abede0de2e6f7ca566295ca09cf,324716
9339a936c196d2e91d42b81b6337ac7c,324716
27d25543e00c206f58fbd21836e56481,324716
a6603ad7b2a37155684cb1f9ca1e2c29,324716
80222d21dbe5a752b02a3b5f37b06825,324716
c13d93c8eb2cf4cc193dabe8a7b1be13,324716
827abb738d275099b2323465f2ac668e,324716
c8790900e9bcd1ed54dba12fffead353,324716
9bed4398c8102fb8140a8fbf488619ee,324716
c4c5b8ab111f78ebcf485404414d117f,324716
0ffb5ffca2c50b76a1a9c6f2a6aab155,324716
9aa9b1a3fb302b858a17256f53d149ef,324717
d465d86a6d9a898585c34a502db55207,324717
8c3d6b02ec9ab91a057c5ce878fb73df,324717
650abe32728e33d8379a99d2fca3a4f5,324717
a7ad88cb7b6e8836ea113a0ad751e554,324717
aa8a3982b6780af1aba063e30f5eed6a,324717
3874c3218f669c724c37f83b7be11788,324717
54d7e5518b85021d255af725698fefca,324717
6b00e126c7b16413719e1f854f6cfb59,324717
0e207164129ba05484bc0e545f7fbfab,324717
1c74a128294bde166cbe4022f2f572ed,324717
17774559b2c56a46faf9f41664e64820,324717
778279835aef7971adadc0bcc3a72b15,324717
f4382930c10cf84c38b31611a5f453da,324717
78843a2c1337415a5581e8ac96e4c21e,324717
7e5c63a952e07d8347709f83be4cd358,324717
7bca2a01a7cf22bae6e1e696e38109ae,324717
21f61bc5f27a39572a07bce8ff88c027,324717
c06ec39f99977185b29d178cc983c49a,324717
2c8bdfa497a25871fa00fe4d6e661a5c,324717
5b01806cb44f8eaa54d79b9b7e212672,324719
41e6ddea28f696a2d945dc107950476f,324719
7e371c81694dca2aacbc76fbd8df5b6c,324719
9214a8f5e28d997a4ee7d6df4f733c8e,324719
02cfb1ffb60a14da792b5f98aca8f0f0,324719
7854d2eca488f6f19eeaa248552e1309,324719
17465c0bd60d1ca229e2e3080d7676b2,324719
649c94f8f9cf973907e35d6134422ac0,324719
eaf7d9247ae6b5013d565dce67d48e60,324719
722cdb577d709a941dcb4e30179675cb,324719
b0534e1ad7a6ea6143543e86e93344e9,324719
401a7b81862088302d7df23b7b4c03f7,324719
826452af87474ee02cb441f3c75c1170,324719
d8a3bffebf531e7251948415c483d62b,324719
62d3f7075cec03d792c903822159770d,324719
3138ebc72db360adb2f115d1b58adc68,324719
aa3e61f593ffd3ab200be90db21765bd,324719
5972bc974582eeb05b27c8128238d0e5,324719
4cec21e952a5fa4bcb743aafdad0c3a8,324719
d928049095898dd4fddb9b42c72d2d90,324719
cb95f814a9b67863eb4870319cf1ac1f,324721
d31ee5fa7f739a19dabcf2cae29149b5,324721
f6d61b89285d5d8ae258f864b521dd1c,324721
1ad31998fa43749268190e07bff8ba40,324721
b3868498d62dc0edfc28d5928d76a11b,324721
2612690ab951f36929efc8b4cd842c11,324721
5168939fb4cf1297bfb1cb50a0a2d3fd,324721
1eb84cdacdf3feb7712c80af228a5cc8,324721
d08f45ba55daf3e33c483feeb434b894,324721
351a87d82615a85c966df1976bdff6b2,324721
6734a1af16ace0458645e08be6940ff5,324721
3edd1b93d942f5bd5d10f15637ed7970,324721
3a5c3d000478e4b0b37e47ca93c7ac1c,324721
a7bec636cbe8a1a3a729e465ae737684,324721
96a931288697bd48079299bb00e468aa,324721
0bbef96a5fad2e0da336630d6b9a91c8,324721
89b99adfe36ca8dc4b67e95522f9c4b2,324721
a60457f4f12460e68c6c55c444a444fc,324721
574a3ab905f2f4d83272f0b9f856ea53,324721
1c911ca8e00fe3c43ae1db2d5e46cc20,324721
1de4fe634663c12552b53434bc1aede8,324720
f2b5cdd1d0de09be1778c2664619c206,324720
fa5640736d0f4abfe8de2c161aca3cda,324720
dcad8c240dad45f6ccab482ed3497b78,324720
f4132ece73c23f069faaced5743aa46d,324720
71979412f05088b6be36158082e6c860,324720
d210c87f6e764697ee420cb046659361,324720
ccc7069a0e253c84e812a38760d8c811,324720
ca1cf965a602b66fd98b499c5276b17c,324720
dd277329b78effd33b0f93af222bf23f,324720
cc82299dd5327389d270762bd7b5a705,324720
affd5413ab6eeeaf9c3e41a228afe3e4,324720
0dafb7789f1f76678511c3cc2e92fe46,324720
9f5480bfcb3a99b72a64f3c4c87bc71e,324720
c2c85fe8e8c593504e268ec59eda1cae,324720
b9c2fb60cbbb07327d8c677c82432eac,324720
a2e23e219843cf51856128ceb886d6cc,324720
1117ade274c087448f6ba754d772f5a6,324720
1abacf81ea299feebcc14d78c0fc1a72,324720
fc51442d12b548239a4288facdbbba02,324720
d0a623a9f777202e58b27562f0f89522,324722
544935f52b09e7757a0e65bf1abd0207,324722
06eb3070f049f1a9be018c33f60806e4,324722
ac3aff97d325d97c2fa67768a6aa4122,324722
98ac6f0bd17d41310a1f3fb073517d8f,324722
a063ad7f7f9f1180e232a30aff7758f7,324722
7fad2b12671faafe4f42af8c62e2253c,324722
96e2abe77cdaffc418d92e0d86e97f87,324722
425d50afbbc226ceafb0a1f453b3f29e,324722
183c682e3753b7424c175a9c95d94d46,324722
9c20d65e84c731771f9277f3e90e2925,324722
fea59c69aeba8214b75df537944b1646,324722
64a12b4f326a802ffc8c241c4ae07a32,324722
92817a83e6eb26a8384efe230f93bea8,324722
47fce63098baddbfefda1919f95a3087,324722
b791bd9f0179ad13c08b608996599122,324722
5bb68d3af37d78fba4ba8f0ec50ec38c,324722
f57e211a817541f435332d9785a9f65c,324722
86f512a34698af7fbe1f984671ab6440,324722
adbb3a27219fdbc496a1a13137a9d4a2,324722
e8cb3d10ac026002194e49118a6de4d0,324723
a95797dd1cebe90c407ed592cc09efe0,324723
5dedc12b27e6dcbc06d26cf30ea6c87e,324723
6c0c7238994f895517755799cba60922,324723
0157d37d0f17f89159c8b82727811f1b,324723
b2e410e89b13701037c09ece4b03755e,324723
e83ec8d78e3c9ee7482238b2b36faf49,324723
ad7e605ec5b1efbc2ffaf60bd8d9cf2b,324723
a78fb6a8a2a5d0f9f5c20e7f465281be,324723
9d815546488c680ac13f16481b40bd57,324723
a78006d10a63fab4532ad953f9742f5a,324723
137639016c6e48179febc738c077e7fe,324723
c5a9c274971fb14ef9e661a0e0b264ee,324723
855fc6f3d9e80ff91623d9bbacaaa944,324723
a7d5ac7e7a17fcb576aaf5a0cdaba984,324723
f9ad3c49d371972e343853b063188c2b,324723
68ea7abd3d5ddae68fe8dad0085fde35,324723
77d9e91f6df6f94c1a7a52906d40b110,324723
878bc631e49883631714b5b6ebdc3037,324723
a098e01be7a517332e8ee6a15104a9c0,324723
627527a7db4012b4597d0034839a0cd9,324724
1846ae1951de4ff5247595646b575f71,324724
b90bd4e7801978c07f6fe93c98543d03,324724
b1d19823df405bef5b71e93c904c2aee,324724
7ac9fde88369fa7db4d3de2e76686efc,324724
4953f895f518c1b0193fed62a4878b48,324724
0582bde8b8375695345f217c661fa5a4,324724
f24462c0915ba8d02fce8f5e874117fb,324724
7ff65141a74f543f5ecec4f6de198323,324724
e0db75d283b9be493d555e01a4578c9a,324724
0644fc2f5bdcc4c70e3976b91d75caf9,324724
1f47701d6e9be8b20d20df62866e72c2,324724
6dd118d99646172aae5f857414ddeff9,324724
4a8f43a95edf15f251399bafcdacad8e,324724
ce32d0928349bbc8d8574d1453be4d50,324724
18c75a730951e3e0f298d63a414152fa,324724
d79c70820c82398378f1c35d96087570,324724
4e4b12e11a22491d190673709b7b7396,324724
25442e0edc72ca04abccb0982b44d85c,324724
d5e66c3652113bd89f3fb816bf995b9f,324724
e0896211d3c2441b479349033eeb27e2,324725
088f44ff44b2686c0dccb3378036539e,324725
944e5a70728c4c5aeba87d1ae6e54104,324725
ba993752bc4c4ac19fe4678475e9427a,324725
3e6158234d80c6f3733e6f5d95947a46,324725
17f2697829da5edadc504b2a3e8f9b32,324725
e99e3aac5e3917123bac5e52e3ff8499,324725
83b93a1ae0d9bbabbdd4637092651f8f,324725
7e9ed9315ad6d6c4a434292d64ceac53,324725
c2e1d309e411aa572f706be0fe84b123,324725
425749c29244b5abf496005ef37d4ea2,324725
464d741f870f66920c6ab7e522a54583,324725
8ae2894c16176988dc50a6aa27742ee6,324725
73530bb0cfed59e0ca47638a407cf15c,324725
a830f6e57342174faebe0f23524a1a1a,324725
1260a5616ac5ca1e92d50b2708291083,324725
7715117a5bc18798020589f92eb74406,324725
c6f0def39bf57d3e35cdc192fcb1427b,324725
097e6ee8c14d161a67fb8c5a4ee7d7ab,324725
2dad4c75b490f12c2765d4a790a894ed,324725
e2fa00f4743fa08de7a8c37a005351f5,324726
763ce858541f43e44231bf8cf495b88d,324726
516c327921a633f813b14b161b08b1bf,324726
669e68b187a38cd88e0504eb187c88f8,324726
b0d6df9f7d700f301b38ccb1ff8c6526,324726
756f7aab6207640ed5f8072c528ad01e,324726
5a52600c4873eaa1a94d9e8e4bbdb965,324726
7f4e88137a1eacb8061e9718d3faad02,324726
4f9ce3f360412e856d51a3d37459430c,324726
1dff0d8834e1404fea89688e13981583,324726
c520570bd995ee3c69f50bdcb9c88a34,324726
7093208a4279b2d90f37b2d9cac71a92,324726
464e2b52c88626b1860ada5dfdd8404e,324726
075c7207f23d137af5f6939814ece7a6,324726
2c8bd821532dd1b770a33d00669225c5,324726
555c2356bc9b4009388882b9cc528f1e,324726
fabf395f04b13561b787d2c2c676fcb3,324726
67bf9f52994f3ce40cd0f5516a5f51d1,324726
d62ba2ca397563c1c831cb1108f67720,324726
2d2747e55c88cabcfb96924dd3b3b804,324726
0de1c5b40204b878970cee703b8f3cd2,324727
f78f7bf2a3f3581cfb13d3ed89ec9e9b,324727
f459219549212265620127cf892b1a4f,324727
1c66e8430582ec11426ea90f0f32c82f,324727
ba016c037def949c39b64459164ff58f,324727
a498d7b9c54dcb94885383aa74ea41dd,324727
a30fb40d9fc037ed17cf1faef41072b2,324727
31cfe36bbc69b723c4e0137b7fed73aa,324727
db7c4535b1ff929b2b9cdeee0675c68b,324727
a49e9d0648d36024feea981449cb38b3,324727
7ef33640abd519771ef168210caaa315,324727
b76d1f1fce9ecd6a2f80c9d91ed7322d,324727
c5580c9049409a840cef78b3dd3b8f0e,324727
733e00bd2da1dc437d70ce8cb433c6a2,324727
8ae68ad6a1d6168791e869c129e4e6b8,324727
0a3a874086b1d80a7c6cab23f320f754,324727
ec656f9dcea6ac36066888b5a7113646,324727
5c3e835f9af46fe37494acad680249df,324727
709022f49e48e10afb3886f2f0339a40,324727
13fe089db9fc16ed5e3c55fd5d43a223,324727
cdf31351a68ed02b84fd571f158d2b2f,324728
fcf77bbbb8c39b1f2e15a079e050f8bb,324728
af503e8d3b5092cb4d0cc1adc4da7d4d,324728
81a7fb05d1cc77aa2a825f25f42589c7,324728
12489b036813769ac5d7754851cccb8b,324728
9c8bf468fa94149eba7dfa4bc3b07b36,324728
1f4828fd9eba809b50885ba5291616ea,324728
ddaa04f02c315a95a9b0b38f66caf5e0,324728
402f0aeaff7fc43bc9fd56dd0a9736b9,324728
c7a31fc1c649f88ce1ee4e697432fa72,324728
8e958f1647f4bd02564e9e15eb2ceef6,324728
de2a04f45199f164ce00297162275f15,324728
c6ef180279a527954014eec9226b766d,324728
0d17447ca96051f06a00d6b19c408bd5,324728
4b1988322bcd3c425b15c1bfb0a27c6f,324728
6e3d6852fcfa6211a7eb203e180098ab,324728
e57d816a90316ad7f5544de7aca9bf86,324728
97c912ab84f4d0678c041b85ae7af772,324728
1b5c2e139ec4cc58d7d31c6639fedf83,324728
850eec7828a561c60ddf84b3d2d9e8d1,324728
2e9897fafb9767fdf9775d5ea4574ded,324730
b275c1155140dbd8327e5f0b852f4485,324730
39ef4c3e2ad35e006bcbdcc496d6d987,324730
068a3fd3dbabe846fcaf59769458773b,324730
9a184a2318f9b935909ecce9ad4680c0,324730
3d4e648c0061d22d8926249c94d06054,324730
fafb8492da2b2cbba428b0eb935c827a,324730
1b7f8fb37db181ccd24150b7360c25be,324730
91de0ac7cb7069e6c90d8db4c5479d7e,324730
a2a2042420305d81e979188d9985f268,324730
1ff6039b92dd5dcdae59eced0f2b4f20,324730
e43be3ba0a2fc14e4b3d50350940cad1,324730
88304162b55e5c97138053d2011f17ea,324730
bc64a469d5e6c4938523fdf7e11b16e1,324730
65eb5b27d239c0e21bdf7ae3a23a8310,324730
106ee037524c19db6e29a1fcd58aab27,324730
477a46de7e3c10b879961264413dea9e,324730
41ebfffa16975da6c6addf69c13045f4,324730
1e6afec4004307d00489067085fed3a1,324730
bdd038f42d12c129ddacee7e06079e90,324730
db030fa31b6f67289f87280b6f6b24be,324731
011848e3f7404b7af962333a7829bfde,324731
111e4d614ec53ab535f3362200af84c4,324731
6d03747848dc068763cb90ff33ec6bf0,324731
301199374b6fd30f1b440fc3507e8774,324731
1ab5c78563b8c60d3817d41ba0bc4fbf,324731
038526d61132b4552f66c479aac5b515,324731
4eb3a43f40acc122c4eb9a8a417bf109,324731
5ade1c2a10dd542bc68ef7bd013ed23f,324731
f58b435f6018adc9445b0e45821d9873,324731
78c54806fa43520d5fe6cf04319ea232,324731
22191851d892b5b8a207d81ef9c2d866,324731
767b44d6c0bfa6b4cff84c93998d0ef0,324731
c4a18326584fdc7aa107369ae906d703,324731
3d255693e6c06b6c87690135b1f51e3d,324731
dd096ed2318dbb82a02cc6d9d2c429db,324731
c46e3f24138364523b07b46e259cce26,324731
24ff845ddcad47e3c85e8ffff918e868,324731
2b1fadc7006a34a375e5b58c73e31d0a,324731
78e5b1ab6e4f53dfb7f7162a0257a8c2,324731
8bc0dc02d4bd84fa6efcc22927061c74,324729
3a19dbac81ba1de11f0c183448183dfe,324729
0d5de6d995ce5086197d8663a3cbc561,324729
a6d3b88843eab49ada7496f4be9fe87e,324729
4171ca61bbf6231ef49b922e52bffddd,324729
3fe9fe1c20e9e0dcdad353d71778c5d0,324729
d2cfcc158ed135b8eda7f4e24a67af81,324729
1a76a2a43e07c8cbac85c361c8b6bac8,324729
2fd6b1ed62fe1e47ca2d2047b02c4f6d,324729
13406534748db1c06e19baac81581417,324729
e7608112810bdb53a884f1429df5bd62,324729
ea9d906dd2aebcec9cdb3893f227948e,324729
64e105c4cc7c7a59a414da8d14cdcf48,324729
c1d46f28d117fb52bd4f51dca6c4dab1,324729
0a50238b92151bc5b18ad55818fac762,324729
621ce1f460e9373139710676c0f9d5b3,324729
34afe3f7b3636c52fa13ba77ec426f57,324729
cf0c0420239080e8fd8a6bc2747493fb,324729
f37d27462da4853381dcb23395611f47,324729
1c626f198cbcb6e4467d96015ee3a565,324729
0688a255c7cb376a511954eb220348cd,324732
a165953a8ed76affcaacbfd46dd12a81,324732
1c67ed422e7d51fe7d38c1ab3f9fe97f,324732
e9bc5a09538005514341edd319b3bf80,324732
8bc8478d14dd5345f0896cb746727ef4,324732
ec4bbb61ae29fedf788a40c79fb3a33f,324732
690dd3c659f857bce1d3b5bddaf68d54,324732
5c39f29cd6b5a03643c76fd1431438c2,324732
4703e2c31629940e76d35c943866cd3a,324732
e9881b7364fa3ef51ecf114ee3eeb498,324732
a27491950ae8e69937484643d9a8da81,324732
f33d593bb9717b5b2b4ed2cceedfab53,324732
287311af1775ea8520dd4e6e69e07a37,324732
781b74ce7c9a0ee0f56e434c4a4349c7,324732
aed1912e2aad27f41d33eeb439914cf1,324732
8d7649063cefe29271f731c4d76df45b,324732
8cf603e2adec339325c5a18700fa8c11,324732
0c3213aae214a4c8320e93d97e3755f7,324732
2bc88327c84e549060321389e827dc15,324732
6150b5a24e7e4db9f65d6140a2eb6053,324732
a29e3145dcb66bbd73a331265a3fef79,324733
ef77d36d35971ec5aac79599efaf6463,324733
8465fc7cfe916fe2734cbe23aaa9c2e3,324733
2d63033c614eef9d22a9f3c5286a0972,324733
ac4d5e6b6d0fe5e811757fcf660c6b58,324733
b443f745f0d769a44070978503ca9ac0,324733
82e0c9ae88f1ad35422ad3aaa1a2a13c,324733
b9b0a81ebe4a70cfc9c632021fa0aabe,324733
5fe7a5a7d5a25500c797c80621eb4d30,324733
c94978ff8132a1070c367a0f7093810e,324733
9b4c611340d56db9852235f47ca24102,324733
d98739c457b45cc0a58e85e0e0eba8b7,324733
ed6ac52d5bfd9753f2bc9a69b2906549,324733
8c393edafc7b047b8cd83b8b693eeeef,324733
bf4492fcf9664c3f9d3fc74f07122812,324733
d899fa25fb52a9b6f3670956c359bf03,324733
0fd331be8edbac06c1ee05f9e5ab0011,324733
e8fb22ea31b0300d13221406092a655d,324733
85d096725e36fe65e246ced80bc50940,324733
4e6cb1a0bb4f36a004d385698b776e03,324733
6c5a20e304bb018eaef0656a9236d8e7,324734
dfe6b09199bed2f2e87d8d7152e717cd,324734
26aa03e01e375123a4553aeb605b1abe,324734
f491dbaf6ad6f23389e474c39e6345b2,324734
b5769c0d5ef9b28d7572a61d88e22774,324734
f033ca3250c206c12edf6299b5262271,324734
9803fbea67a1fd28ebda6c417ea0bd69,324734
00b124c895d7c2f4c041f1f4cc971287,324734
0bdc75709611633393412f4106f78b6e,324734
e2bdde636ab1f37924badd6ccf830ed0,324734
b1aedf534903969740f2472c7e3c839e,324734
1e57e63d29e59d0571e5c036793d750b,324734
88db746fa18328cfbcfdb9d119c51a32,324734
33c41f56d4cf3d7de2abf6e3a27a9fe5,324734
84082567dc2e70c1b9e4f10d6f11e973,324734
edb86ff7d3a16315e2e8ec2d563b4a04,324734
365c686017a07193a23e9e3e7c9d7be2,324734
c60006a47a95ac3476560ec3a2c7c625,324734
51748b4a27f05f6904e137b056bc313d,324734
9552d9f17883f2fc23a8db89337a66f4,324734
05f7371933679fa6affcb9eeb241b5fa,324735
aba8014ff055a3e17ba0870cbba13276,324735
fa41411b726b57bcead909a24e7d6a69,324735
d777809c438565f65287cd9441029cf9,324735
984d9ba05a521eeb73f3d70972bb6757,324735
829a2edfd0f9fe41da6d1f9490de3b5f,324735
8762ed3c9aff15645d3fd392f6bb8f69,324735
09c55715f1ed4922f28db42e8c6e45a9,324735
b0f46d37e6c5567bc280ef13b4873118,324735
5d9828d4295cf129edee17cd1f951e30,324735
93224d188769b99f137417db4cb1353d,324735
6d116e23793f5884e166b5a7a4bcedb8,324735
6108f8cb1878a0aeac0aa17aabb6a7e5,324735
578091020a6349ad7471f08700efbe48,324735
67dd430e1574cea9851df54619fd8979,324735
334af9a4f289eec64ea439e2315f02f0,324735
6afec1af7738ac9092b250a7ef5c1baa,324735
994b61d9880e4ec975923326dfbfec03,324735
e8fbd03f267e4ae74f29eae2f29fde50,324735
ea47587777f064746cc56454bc6b1b44,324735
e0abc449336ce21f1a050e937e5be165,324737
40c99a149ef90beec60e60620d19f628,324737
b1218d11f384bb1c2c5cd1bfd894c1d9,324737
976b10900d64fcf21024a7697d75fbde,324737
df9c9ac0a6d8406b1071560fc50bdda9,324737
e67ca1a7fadaa6919b9717d55c58a3af,324737
e24f225d2cf21425193ec7c826e74bbc,324737
46b53eb58b3106c37c69160cb0a3867c,324737
6b72ae868c4eda6a038726d492464986,324737
ebc5140bc461070ba1ca165861a2cd43,324737
8c4bb17d8d601540d473f4cac5dbcda0,324737
b4811e088e3abec945a6e9033c0098c2,324737
df8fe9cff0a518f8147b9de47ce7974d,324737
c198269ee067d843a8b2ba570ca0040e,324737
53fae65508ed30d4f70940dbe5abe858,324737
7659df6085cf5531aae6fb528f418c5a,324737
33cac3ae8bcd5402851f990a3f717ac0,324737
cb096fe936fafb55dad4e257bef081a0,324737
399aced8bda694406ed51f67c5cd0845,324737
d5350838561a97cf3551209abf2ed715,324737
1ea21251e886574701cc5ed319e1e6f4,324739
4acdb9b54594f0bf34c1d4b3a201062e,324739
10ae203bba85fd207ff17e719b37a0ba,324739
48afc35ddd6652faeaa50e07198a2f29,324739
d1a410b041762faaec2af0f0d55c2f5c,324739
307279e56fddd73bbf55922426e0a39d,324739
5b214044fc71cc1ba4e26cee8feb12bf,324739
0bf195254faf1c7ebd004fc733db864d,324739
3c0e8049a42af721608c28faac541a40,324739
07269814d31975a5253475c9a91888ae,324739
8084bf007d9c74c138b6902b78c79d6c,324739
128f1e3261053cdb76e0fbc372c79b77,324739
a20310e9b4ce292651fa0ac4ad932799,324739
99b5a091c839599f4a784d628ac12cce,324739
e5cc7e17b3e5d999f190224e975082d0,324739
9d18666b0f18580773c65dda16611e40,324739
973def4034c53d866ffa8f107dbdab01,324739
cc71f84a0b10edcc27dd3806b518b25f,324739
60d7ce0dfe69e036c99d5b0da41c93a1,324739
97772c4573ef9f739b4ab4e559766b91,324739
2afc64a3d029919f6bd246f9be1ef998,324736
48a91b73198bebedf3740e46aa587f38,324736
3e67b58a61e4b631fa7ee80216f5e718,324736
203a49a79631c9793a1d20a95a85eecd,324736
ad853a883ce4eb00884801d3a6f1f51f,324736
8cb029687b230341b268a86aa4ff0c3f,324736
1ba58ce386a61eace3fae2148e0e1f12,324736
4731e0b25459ab68bcb8976c38227a6b,324736
d74ad9dc5751e9c6fda5bf7818306860,324736
98b3881eebc2f21fad225d0aa1e623fe,324736
2e7e1badd57405eadae650b1a21eb7c2,324736
3e1168dd3ca0026be2ae5c878c1f1490,324736
9eec359f3694b23ff0a069e00f3390ff,324736
cf1f1bcb407c81a0f9129655f588680d,324736
b5abca76c74c0bca606e552b078718c6,324736
388865ccbe59205afc89943fd401fed9,324736
8be0408cb801aad55774686969e765b4,324736
2a97ea434f10a92037817439a83f9f66,324736
8800e3bccad132e838422f6ca7981939,324736
2213a99ef735066f831e6785f1af0833,324736
248785a1fd2916cce4d4d4795802769e,324740
382d4c7f8a22fdd83e09ef22c787db30,324740
6bc92250f42780b7d1b00b44fc6ce0e1,324740
94674baef93f717bbcf50fbc12fdf026,324740
9eaedbd2f4cf75b93d007ff471a6a255,324740
13345e2c441a6802bd0db2577c40e427,324740
22dbd55b60e302cbc89dffc301dee028,324740
2b201ab6d576c1c496b098cfd9015279,324740
0ef752d6b3bdd5d145dd9d2b1f4e4475,324740
6e5fefcad39a48325417c2be7ccf522d,324740
e1b6d2617a9cabd5ffcba613a7287aef,324740
8be4ebd1563fb1252dc9ec239d33feb0,324740
f29cbab49cb1405a65c944822c2c1202,324740
ab6224f7cd537ef1da220d09ff847bd6,324740
e30da9b370c21b05f5fc0e60a444eb11,324740
0f93c3632d6066e80f06378a69e5b5c0,324740
2a370015d1493a8ffd26b3eedb1a0378,324740
53b88b3df4cf1809978795f2f4987a7c,324740
559df1781f28c07d60f5ecbb5893441f,324740
fcab1d284deddb6c0f105d07e34f5aa9,324740
69f2498e48a1154c33d3a45454324d78,324738
16d5666f308695d62d36526e57485cdd,324738
9b3845e78c7277b71f4df7d161568eb3,324738
72e5fe773b79f902055bae3295da22b9,324738
a165271818efac058f14b81a57dbbd14,324738
f7e24492383d5eecea6702953b311baf,324738
3a7b12734279f40a905cf96ed4c38892,324738
3090325b01c048f1136c61d6bbcd8e07,324738
8f7baffb0c3172bc806437bac58e655d,324738
a69890df9f2fb096b785a946f03530b5,324738
ba79b4482ab285fe6ea3db15c5cac683,324738
bcd0941982413eabfa4faced0a40b30c,324738
9cde362e9b902b13410f4dc1f9853100,324738
74181bcfb2d50687c19b3a5fa85631df,324738
60eb9b8d4691e104a91aa95e68610a35,324738
4467dac86ee7eaf315a7deefe428ab7c,324738
3a43e495c659eab0b3745435fc8d5e58,324738
e3d30a2a1bf3d8df6392558e8243b0a5,324738
bd15e5978ca39cbfd958b4685aeae62f,324738
c4a2054f430626a8bd6b29fed29a8680,324738
bd71feba19f299f45c13f207207697f3,324741
a6b6ce53f5d3193c664977d102a1b18a,324741
2fe2c4e9cf22774393bfb7cc674ab854,324741
b5b5c692f876549d78b75b4791733d90,324741
f21df0d30df182c7373aa381530e1e5b,324741
cce39c331bd4c07e547bc744511a1c71,324741
2fdece209cc936af135bb85615fbbf05,324741
6da581ecfe6943fd5bde24656bb0dd20,324741
f3574c45c0774b47ede85c0f2fe161e9,324741
9b33eede6b5bd66951fdcf83ecaadc06,324741
7dd44b8ca71e79c0c22b5bacdb066884,324741
4c4a8f97dbd975fd78b0c90cb72039e5,324741
9700f91075a2c4b4e5f65db7fee84fae,324741
33974426a22f6095538abf9049ec2492,324741
800ecdb27fa4cc7c6ebe9d49c062bb21,324741
aeec577cdf23111c470c612f5636cb88,324741
c33f71fae788a8be38c876db8a513ae7,324741
6ce040a74c48abb1053de49b135320ee,324741
ed699858142a728bc80fe2840b7c1f1e,324741
80363c41de85e93c1c879d45b75c7da7,324741
d64547fc271d2bfa1910c42bfa261442,324743
5ca4bfd6441055433864946f044d4080,324743
b1516dfbeaf3143be5e55c9893e3c359,324743
f731fd9c09b99e6d93526f2be20594af,324743
303fab54f1a57b3c144a67fde3c1a925,324743
f9be4ddd31b0cba3d6140bca6b660158,324743
4da743b02936aeadf42293aead0adf5e,324743
ac6b37e398899b4771ca71669a34785e,324743
e74a4cdc6ae72211fe84b02c670b4560,324743
c826324b8b0185b57dfdf759bb86e3fd,324743
e629d6c1bcaaf8a32210d4db5078b606,324743
48a73cf327de323f536f94ad2a636e08,324743
a1bfc1785707466d3d1b7c6f4927e5e5,324743
d9b3094f0ee8de49eb59b976c4372a13,324743
978e3dacf6628801a37a174130b3ed30,324743
730e050bd4b6a2109c935434442a7f08,324743
21f714f4612c6ef7adc9751dde795fba,324743
dc59fa49ae13fd4a03a58a21620bdf98,324743
198b46dba7c12b50b66adbc5e7b31516,324743
559eed3cf25f46b4ac9f619c6387c0e5,324743
c4f473a31d0bc42b1dee1916a7b6324a,324744
ec6ecebebbfa58e28a14afaa9805e4ed,324744
41a357ab4a39d4d763032a993d099a25,324744
68a89298c9c2520d33e776fe39bf0d05,324744
6e9d09c5081ad714d619e1d579a505f2,324744
0bce03de12d5db7047bf37b40f7cf4f2,324744
8c8a9cc3312031646aa14a23a6f164ea,324744
3a07d7a4e62b40c06d9b8cd5fa9e1c39,324744
c393791560d30bfe5b0ac866d8d6c0bb,324744
21a89f8f706d5e777d1436e245643417,324744
fe92cb66f462e585fdef1ed02c011d16,324744
b660805ca3d045ef8cc1a58c3c993ee8,324744
1efed3a71117a484b32367d95393a828,324744
f31caeb53e6f6936c6408d5a0674581b,324744
670b452ecc700d007730f3f928c96e25,324744
25ae93187c4b84c0f7334d43a5d8d0d2,324744
51d7debdf7e1b34e02befafdb64915c3,324744
a67dfd0c2fbc012b0e81af467ce536a4,324744
03ee2ef4fb21775a6a16c6e7ea18f896,324744
36a0d143ec625a34a37c75c97842fad1,324744
fa47a54f73108359598c205fbdc56e46,324746
ea2bf53096121fa511ade5c944ac82c1,324746
3700c8bfd771d9dfe91638c0e4c528db,324746
0e48f53f4923df4add6bb2e37c75d0f7,324746
b7a3267d852ffa07e8bbb13e39507ade,324746
0f491816cafefc1765dd9c7513d8376d,324746
5cf9a8b5ffd14f23570e6aa27e7d9abd,324746
d75ead00498713ed06ad6b836ff9ff90,324746
0290b7ff1b904e039e246aeb908c7e6b,324746
e8d05798290059364e96799ff3dfcba0,324746
c6355ec9f991a0ebd5995bd4eccb2e79,324746
b498ff50165709fd626259a78944ed2f,324746
677e23320d477684fd290f19bbe91349,324746
580c6d4f57eddcf9933e961d9d67be5d,324746
b2e8b78ff34b1ef48a7bedd087aa54f1,324746
2d86bb6b64a8a24b3dc589ba4eded9ed,324746
09290fad21317ebdda8ace4108a9ab4e,324746
9c66a66e1fc79b5197354987b18dbfe0,324746
a7605fb10c6ad72ffbdcd7275fa09df8,324746
15af7dd158c1aac0e9217905d30d4d3f,324746
a38e1eb1f01f2030f58074a4077f5841,324745
d943df9dc54949d6374486b7464b9b2f,324745
cd3dc59cc376dd2f31dc8400c95ce97d,324745
2d3f1a05807426e216b2c6d006926d8a,324745
6c68a9a493194ae51a7da56dc96803ed,324745
a38964072ece4185d0e469563eb64e40,324745
e1bb48cd2d92528fed0fc452ae6e470e,324745
6cb456469ea8c326bbbf280cb4b1eea3,324745
a0e0fd7b42a9aa1a4c87e64497c6eb2c,324745
42e6ea5fa7499d01c1d2740bb41912db,324745
2c827f3e17bd78b7c07af765a9731f2c,324745
1f4e0d38b67dd81904153a98d2ace670,324745
0dbf0681fcbf0156f12421188c2208f4,324745
b7f694f89d8175afc40c4b48ce14c310,324745
b1b6c02ccaf8ffd54076d8dcd1fc252a,324745
f74fc2b68da458a565b6163273d6724c,324745
11e13594a8ef7c08cb013ea3f46cadae,324745
1753fd8b54f80fdb6adafdb1efcc505a,324745
a25b2d690310ad1779ed5f3785c73419,324745
c8e60185acfbd3dae38ac6234190d5f1,324745
b2df9bbfc176998049abd25b4ea72b38,324747
378750c6eba276fb30c0c1ce0aec54c5,324747
9ccde8c391e57d713159c7be8c40808b,324747
811580a3bc55179d465dd5bb2f616849,324747
f9c5c941c725608895a2e60a6a4aaeea,324747
7cffd1853831b04a929ffab6eb2a22ff,324747
5433ae517bbca0b4877f3de87f6357f2,324747
c39f0654a23f5c04de6a5e53b4cfb57c,324747
54ee9a62ab8625e91ef2508fb08ccaaa,324747
e5d7f9c4d3e3407c7701159b0b3eb40d,324747
f75f6049bc124255ae95f9883ecbc33d,324747
c65da63f9aeabab6ddb914c6fc1ae4bf,324747
0f612be2df0586333870ab7481be46de,324747
9d60e3677a7f9fe7d914f6d8bd14665c,324747
9940bb3bb28a07ac8966b1de70373849,324747
7c595cc9b4503cbff6bfa30b3924c08a,324747
d1b27f37fb14c3ce8e329b82bf3f0242,324747
6810f025fec1036a4d004830198bc38a,324747
72365043160d730eb63edab1eb5953fe,324747
ad347ca4d9964b774987987a4a8c9fc8,324747
304d485970503b38d211b43c6faa82e3,324748
cc7db0f9ad63a54103f3fa2564f83627,324748
8d54d8b47add587787acbf7b574c4e7e,324748
28bb6b4f47f6d413de6d7e3e36c38f62,324748
4650e60f74d781a294d32c0f3aa692a7,324748
cb4c52ed2c499c23e2bff4dfb4bfe452,324748
a34205e0cc97ac703d49ce402807019e,324748
a56c0c1cddfd801551ee4b9a638ef7c8,324748
c2d52f5b3b96bc1fb41d46360d918852,324748
f6fcb256bc646a30f12029972b148a0c,324748
9eda09ee0bf02f5490c8974f7126c911,324748
09d2d2a4b422b02298dcf70f84931de4,324748
e89800c13b3aa67debe3b802aa9fbaf7,324748
cc6ada7f54dd1071ffbf06777619c23f,324748
39211df46b0481c9a9fdcbb386278cc7,324748
0eb0188a3fba846ef987bb9644d9b05e,324748
425472bf53dbee24efabfb96fe405a0a,324748
709fb45f0aecdf7fd218d37d448182dd,324748
a7bf5dec6ddc535a92a7c4ddab342c8d,324748
d8b1e52f750b8d4aa4708f4066f5e94f,324748
9de1ca6550f07e46e354e2442225ead8,324751
aebf42f177d147ea228032a2773ed3ae,324751
b554999ae6a90b58a91917949637013a,324751
74660dde5f3cf0e19aa51d6b36096462,324751
a695d17142c374fe09a996578ffe6d64,324751
a8728251482ffe259edad67d6b3bd4c3,324751
f133bd87baff73cab37bf9952552d850,324751
910f8cfc6a76290460bebe84f87e6d58,324751
d09dbd6e8799a1b5c52b0dc2751cbe10,324751
4e7a5eab78a827743e070a7a4be237b9,324751
193dff65e20f7561ed0bc4aaf75694cd,324751
df9225595329146045ac023a5d4201be,324751
69c96a02f602ab2fc6200fea7fd9c5ed,324751
462b9a201cadd886912099e4d4905a19,324751
2a68ecb31f9732ff2db2e14658fec325,324751
a307bbc70ce85ea40a59059740710902,324751
01bc8bde026eb5981153e3947cdb79b3,324751
d30efa8e026c753bc1170d2e9e48135a,324751
77e2537ebce81a1a2c9610687ff7af7b,324751
1fb565420cf23806d879ee8af774c8f9,324751
c2075fa62632574e336fad19529d7a75,324752
99e7a53746e0661bed265bb8033dcce4,324752
5acb83ab9c08dae87a1338ab9151fece,324752
e20614d85662519ac0a1f2e3c3ea6b55,324752
055b5888f46977942ca8403c294e6e56,324752
9c5f2c9a4679ecdf0dd4b69bfe19ec3e,324752
e72c50c96397d409feb86a139589a854,324752
712eb9f8b1376f13007e9f14547c14c3,324752
496f17ad1c784370ca7457291398d80e,324752
ea75fbc2e6b058bf07342b2a84e6dc5c,324752
12b5fbc8514ea08d7983013c839a98fc,324752
8711fbc043a90a05e0a3c5e838fdcddb,324752
8ff4b42bc0a7a8926f868cd686c27586,324752
df698c6814ffeb9be4ab1a2927eee44b,324752
5dd7fad3956c6ce1d254367c6c2214e4,324752
24f63e3c81ff49929e149a98c26e8442,324752
ff17a7437a4c00da1b94d451bb9a31a3,324752
fd19cc7c9719a0af7b38a012d1b6e8d1,324752
e53453e931b9b691eee815bb0de88b16,324752
4927464beee872367e7a9cbee414b3c5,324752
0397352086ee02d2b7cc926b4866e05c,324750
83b7a89dee09c54054b2db3791bb177e,324750
c5828ccde942472fb0d29a335a9c02a7,324750
dd103d87916dbfcfe05687d73437d1c4,324750
a76b45357a4008f77106d9216ad5ff98,324750
41b31c3719d1f538593fb05c0423c9e3,324750
6c502ce772a72898521397450d0d6d03,324750
21b8b17b978c7a305f1f5fe824497c9e,324750
ee34af4815fe683e687b825c8a66e47d,324750
2157dce4b6c344f8cb597e32061a062b,324750
87ccb5cf21348a3b5153622adb22b0d6,324750
48ac81bef355dc3589ffbefaf43cb24f,324750
8279f8b89f15ffef7679bb1a9972452b,324750
744e3484a1b1894b7312b10b253c0a78,324750
6db9151caa650fbd613731c088fd5ce9,324750
e97a8f3dfe5bd946622b238c62373f1d,324750
11c3f92f6954319509039a638f06eaca,324750
610686a0802a056295abdd4b4865c117,324750
6b4d888203f5a19d80610a9202b526b3,324750
d555e4c579e3591daa0afe0edfc15191,324750
926dd6e43db56daf3cca23d312ed9922,324749
07b2bbe81b1eaab2875486c29b099ded,324749
b3c20aef613f78bf946ceb649d0e2ce5,324749
0f2ea56374db361eafd8c7a452e9ea4b,324749
6e3bd161f666ff2634f18acebf6696f0,324749
c69b65927f78df8e92215fac3e02eace,324749
e8b1284657bc70e63dafb75448f0b0b2,324749
12bfcb806dff9e6c684dd8ea5e9b957e,324749
184f68dea4df5e304801754922ca66e8,324749
90d4d806d1fa49d839386686273d8092,324749
3459631d783aa70cab2c3c4771939f94,324749
a2b77001b76e9d927ad94183f00c865c,324749
5a0dc19889e2c83e106109efeb47b918,324749
ef17eb2aaec2ed051fa7d9a712d05cc0,324749
5f918d31d40c3dd9d5d663b2769b0c9b,324749
a92fb9d512c984f58f68290545a3dbc9,324749
91d81d7501e4da271edeea55a558b9e7,324749
4be2a726b93adb4855e1bf787d0a23c5,324749
6a457d5de331697409a82304106b53a2,324749
03c1382a256d2a4111710546549ecb14,324749
9774a8fe09c7f3ede2a13bc6a782e5d4,324753
d47e88479302e76af0cc83eb01c3d19a,324753
0b288c97d225492f5b3cdc75d0619db1,324753
e1a1caf4d0784d5877095ec23345f058,324753
a826318481a7700088bb00bb22f0d4ff,324753
3e411c30dda1f9a106b3b2503a73a8b6,324753
ce6119bc87973f30471534f5ce777869,324753
d6cdc9c9c02ee32871296b43bb5a6111,324753
7145e8fcd202dd21826680ebdf9d49e0,324753
485add39c1d2d1eb843cabea0b8813c3,324753
2c7b078a79f0361985542b0e630d9763,324753
96192f7246ee4251b127aad5ba764d5a,324753
f06d1e0ca3da51ea3dc5a65e6522a633,324753
1d99c59a3f9440d6ec50d70c2de01a9f,324753
197934ea6f753325d620606f5611b78f,324753
1fd22d2e165fa2c7cf7a1e2145d51e3c,324753
acb1e1b8502ee674de21ab508910ad4d,324753
633cab5b8b6c092ed084b5fdb0eedfce,324753
1ccbf5997841980897baac1f46323ad6,324753
82356b75cfe8ca41b9cb7c17313ee9ac,324753
1b967b74f65c321913f376b897ea3441,324754
535f489d858e661d74b8f341eba8e6d4,324754
18352ebfb1a35ba671549642e61c847c,324754
2914d6173479d250aeffc4ea84a591ac,324754
c3c24d9ffa9dd7d26c76136b7b8b2b4c,324754
d66f0382640f533c0c7a3bbc78b182ac,324754
e99ee3dcf4c0ceb484959f7d76d39670,324754
458f0e294cbedd63e001438dcb5305df,324754
f1dbc0378862b5913be702646904ca6a,324754
d6b3aa206e37a7e3a651254ae5550f23,324754
34df1b39c5f317851a8e25e36f28960f,324754
c26e81223c229b71f4c178d475d9361a,324754
c1ac559436405f623a22d87abe6afe50,324754
8fc08fe817da91969c294be96f30cfad,324754
0a0042df6589c116d798be17139ba077,324754
79d3ccb1cc436324054b62ed6db863d5,324754
5c4093cade1f213fea4e9df3caeb2e08,324754
628eeca5bde3542ceed027ca8b0f4dfd,324754
14eb52ee719516310577734859d1c175,324754
fe38c0625a664b11309d8cc5b198ec09,324754
0b588483baa6b4743bfe037ff6814b19,324756
9ab717977d0440432c12b51348cb2373,324756
c315a916f9225349c51126513a60d230,324756
d4f2a3a8aea61d7dcb8178ea245d0449,324756
f74e44d488d70ddc406d1896cf8caad6,324756
65e047c33ddb14dad6e487aacb2228f9,324756
5596e25489c3fbd38f7c2051d3c3400a,324756
cfa7657478473b12f31a9da0b48f4ba6,324756
38b27ef735ce4192e3a967af609db14b,324756
8b3563e5829163506e8fa309f2927eb5,324756
c3acd1497c9fbc8c5be5bea25bfbe7ae,324756
940b5b9ffa6ea569594c950877a29265,324756
cae7173c26d4a1e06498db34b8d1c197,324756
fd2c60399b6167aae974eb9fd1321902,324756
783ecf839e33a5c887dea5dbd834c92e,324756
085bb028991874fc6e82cdf186699959,324756
9cbda7649bf80dec82ca84907f1b1ce3,324756
726e76d5594f0528e2ba33a9cc6be13d,324756
55000e43429cbd8d7b2ea10afc37a5a8,324756
776c77ee3ad3ee4cd1951b5fe3f9bbff,324756
f2259c8f7ee67aaadabe2a3b0816114d,324755
c639d807bb6dcecedf0bd9a049d70d9f,324755
a40ad1c1e0c3754d09bc90eed4bec955,324755
179a89a0d57bba76a0b1c9d51ce23339,324755
0c0aeab99d75d60b1d963b1ab1aa109f,324755
40d92638dc2ca65ce3f2fbc4503e58a4,324755
fd31fe05508846bd7e2df7bda7ed4428,324755
0d0be4946b54624dbacf13dd175fd385,324755
254c831350767e5bde0b4a04dc637637,324755
b22a73ee5dafda22871614960eaa0fc4,324755
3a316f8c274e2d9076ebe1e290417f83,324755
b7e6e6dbd918f5552c4e844b30eeeb18,324755
5124e7a03ad6e17c19c6d46f19b4fc65,324755
052b2c838bc86ca07bd36fd63f3fef00,324755
fc8043df5722f07f77861991290af939,324755
28159d3c06eaa0168c8238a8a6e9a9fa,324755
86819c6e55a0220a8421eba3d8c42d03,324755
a3a48df6d4a2a21141da30f8eab4119c,324755
b7e888247d7b573fd5ab0de366a2a63a,324755
c1fc4407de4f85cbab891d2ae19a44f2,324755
68dabceaee10ebf994932cc2bd3aaa74,324758
4b7577dee4bbebf9f75d6f81894343c7,324758
c75337ec18bfea166eed771d66164e96,324758
b870cfc1bdf9fdd5cb0f062efd07dee4,324758
c9dcb200037042534eea732cee9be1e4,324758
140992fc70984da28a50e5c09de563e8,324758
8563dd1dcaf9786e245ddd2bc9fd7072,324758
bdd0a5e754e859b9a75ab557a15eba9c,324758
cff4be961d0f117c1c6dc3c510a60efc,324758
c2a3d2f4394a54daaed0db5b373cfdd1,324758
2362f0d5e8275ac0297ec3ff4cc19049,324758
7b9d39b7fbdcd70db07b539de763bbbe,324758
95b6c107fcb8d73232c7c12466513c98,324758
c66ed0f2f0a4d58304222ae891d9ad90,324758
ab5eaa1e8252cbc7a1873c163fc6ddcb,324758
4b90c12b5fb0aeaf0c86c4f066c374ee,324758
feac01cfe61f72cdd1e749db63c57acd,324758
457a72ab957b0c2a7b52202b92ce89b7,324758
c1e10e9e20077b4c9e288666ed632eca,324758
55251d302eeb6cdcb2393fbf1f5f358e,324758
d78e42f6fdbe364395d09481e837bdc4,324757
aef85e63ce200f75a5a5e03a70286847,324757
3377a8584eb790606373a7451c9cd3e7,324757
b830ee4f09f6fcdaaf59c5e563590aa2,324757
da72c8ea51612af147d7eef302d0a28c,324757
32a702bc8ff52f5f2c170c01c5e2c0dc,324757
1502d80021a9565548c6e8d104ed49b2,324757
6c9c70ddd15b6c510284f901e29e7995,324757
bd74ce24c0f85389d457052a825a7a68,324757
22b2c9f36659c3b58f753eea816bfc9d,324757
958f0d495a6953483b4169c423ff38ed,324757
6561fca0c95c02f1e2a3449ec4253203,324757
e9c36a2c17fd87ddcd2fc6b3b4f5d987,324757
1bf3dc454372017b2c7b48bdf8e83cb6,324757
2748c65fe36e9a957cb83a7efc777c0b,324757
5fd99e1989b0b1f8f2c24ab6d534d7c8,324757
8ba5ba2f876019e6d2f27a7c3e81d6d0,324757
407bcc5a3dca2b35cdfb911720a1ff26,324757
4dc16d066a22769db7cdf5eaf0031357,324757
35d73bf10300164ad7e0fcaf40e8d480,324757
bb04ed5084bad566cea148ac82f706b3,324759
a5876313f63e52f585120cd768f24592,324759
4fc5f8e2f41df724306ebf3ec51ff54e,324759
71cd52802b4f099c6097fb4df4f2481d,324759
b2c65db709578d097d1b27d4d28f956f,324759
2095384e56fca55fc094eb06992cfb98,324759
a23cb3d6f9acc37782c088ed21d0d333,324759
336b32e4331503706a4ff2778707944f,324759
86a06fe1c51ebfb3a7a78b38a37948b9,324759
c4221dcafc066588ad7c3b101320cfa3,324759
204430d0b1ab23d37afb5c93d6015944,324759
cdd0a0709531020c8a11b8db5081efdb,324759
2fa27cbe49511a465b7d9f98bd7ee092,324759
cf944679e01d97f44455826ea9bebb48,324759
93db866efb7277e0b2e7409503cc13fb,324759
48fd130e8ec7897dce91eed95ea1c414,324759
25c9291312c06167557d0f25f642d5c0,324759
8c8279eabf7dcece5a8c47a658eec6af,324759
da3dd46694116571901985fe23a7f0cd,324759
4df62a8256fb4e693ca91aabe53d1217,324759
